{"couleurMoyenne":{"GTI-8":[126.69634611127884,125.75337823580983,125.29806516895944],"GTI-4":[151.83576705760365,150.9469207500133,149.19768353059627],"ES-B3":[179.61404255671013,198.54213644619543,209.378025908329],"ATTRACTION":[158.05934958521703,158.53269241765892,158.63454516162972],"LINO":[168.3413370728237,160.8545531900541,152.9748465046906],"TAR-ORANGE":[211.18225261568938,156.11272257340343,21.766867909282777],"TAR-HABANA-Vinale":[186.56889414048493,174.35162014080825,145.14261459146582],"TAR-LEATHER-GREY":[134.6417582786175,135.10801237704715,130.21177571120978],"TAR-MATT-OLIVE":[136.51835455638712,142.41574253836538,121.97371064912059],"TAR-HABANA-TRININADE":[178.98256203739575,173.75945136044731,167.4829324737581],"TAR-KUBES-BLUE":[144.12814416029883,164.47818752525393,178.76630488418465],"TAR-GENTLEMEN-COFFEE":[142.9975058896965,142.52522302346964,142.42790734630054],"MIP-ELE-ORANGE":[175.2068268386607,117.68119551872876,94.00065617119219],"MIP-ELE-GRISFONCE":[103.26681049443435,105.55153178051913,109.53843472562241],"MIP-ELE-GRISCLAIRE":[163.25534859340172,163.26275352269516,163.33641750489394],"MOI-SYMBIOSE":[143.42008637605463,152.4835046219081,163.3149616086801]},"percentageColorKM5":{"GTI-8":[0.17823925948284536,0.2054069251002544,0.338708521984103,0.1126447328705101,0.1650005605622871],"GTI-4":[0.1550348281178196,0.2261730406255493,0.262173891710023,0.16218664025543167,0.19443159929117645],"ES-B3":[0.33695446022802295,0.048817325284962014,0.3978635484696171,0.035406218415170804,0.18095844760222715],"ATTRACTION":[0.47562804957814087,0.05116411081109803,0.221036008619697,0.0211385196169128,0.2310333113741513],"LINO":[0.07185970563412827,0.21388107349031127,0.15684280156336622,0.20282167568977436,0.3545947436224199],"TAR-ORANGE":[0.38671528269051486,0.025504818074477516,0.19071106006090527,0.021563809799103918,0.3755050293749984],"TAR-HABANA-Vinale":[0.3301156590334317,0.1537024254134376,0.3018591252676455,0.16710464575339135,0.04721814453209385],"TAR-LEATHER-GREY":[0.3108971868399304,0.16760370342418593,0.22796370368506919,0.018754524693997916,0.27478088135681655],"TAR-MATT-OLIVE":[0.26488373832636125,0.2947164665197452,0.07303293073784876,0.1607593115789837,0.20660755283706103],"TAR-HABANA-TRININADE":[0.18273606232667594,0.18253778189235292,0.25973308147481766,0.06604507785642819,0.30894799644972526],"TAR-KUBES-BLUE":[0.20935513456807897,0.1118698653830931,0.3654508203266233,0.051223955607705075,0.26210022411449957],"TAR-GENTLEMEN-COFFEE":[0.25206653896484943,0.1355965464986823,0.2332618241448334,0.19282419174035367,0.1862508986512812],"MIP-ELE-ORANGE":[0.3401896460662957,0.11865184102189219,0.29929716929986255,0.025045592705167173,0.21681575090678243],"MIP-ELE-GRISFONCE":[0.30473919706086905,0.17673969559476146,0.23891293723188317,0.04355033796196904,0.2360578321505173],"MIP-ELE-GRISCLAIRE":[0.26109110430133986,0.33405506967588966,0.012537867331348753,0.37817227338195264,0.014143685309469094],"MOI-SYMBIOSE":[0.14655349182676292,0.3322944978523697,0.17630861841865195,0.10467887953612598,0.24016451236608946]},"predominanteColorCoefMire":{"GTI-8":[0.3139431307508899,0.19024825603419476,0.13662068193433163,0.3591879312805836],"GTI-4":[0.2673452205611764,0.14603013087133535,0.13247908826299923,0.45414556030448905],"ES-B3":[0.14204800084869024,0.0996858568584885,0.2038150391502821,0.5544511031425392],"ATTRACTION":[0.2729074982941702,0.09720256867577029,0.09416410197664427,0.5357258310534152],"LINO":[0.26028852914798883,0.10272088638539553,0.11098971017107116,0.5260008742955445],"TAR-ORANGE":[0.24948256390900916,0.23140350593398995,0.22939337994579967,0.28972055021120113],"TAR-HABANA-Vinale":[0.21519916109764214,0.13207335724297958,0.1711894244226216,0.48153805723675674],"TAR-LEATHER-GREY":[0.34619430601805146,0.17586226768479973,0.04227521321298187,0.4356682130841669],"TAR-MATT-OLIVE":[0.3081245100711384,0.16891012731748437,0.10320775412793201,0.4197576084834452],"TAR-HABANA-TRININADE":[0.21640041986315767,0.06963576453934528,0.14530374723707315,0.5686600683604239],"TAR-KUBES-BLUE":[0.2422652354955218,0.11543605129138718,0.13945528981354438,0.5028434233995466],"TAR-GENTLEMEN-COFFEE":[0.31276997538693857,0.14266559810980564,0.08073464360687266,0.4638297828963831],"MIP-ELE-ORANGE":[0.30161102493709313,0.22332605818925208,0.17615290678637838,0.2989100100872764],"MIP-ELE-GRISFONCE":[0.3854050954458755,0.23859084243116208,0.08850750592520898,0.28749655619775355],"MIP-ELE-GRISCLAIRE":[0.25597134293286133,0.07873211481281499,0.11165160684403047,0.5536449354102932],"MOI-SYMBIOSE":[0.2850479145013578,0.1282440512905161,0.09481172936670237,0.4918963048414237]},"predominanteColor":{"GTI-8":[[58.56372896863114,58.165820473578705,59.45868987413348],[179.9419498539397,178.15054659308566,175.74722484407607],[92.6382329434787,92.18990148746772,92.66749942810249],[226.76926530044932,225.3844433638924,223.4793688392496],[136.3175632738128,135.12787606761785,134.2778683837436]],"GTI-4":[[83.69916962515813,83.48444806097041,84.76647693951885],[189.27157441918882,187.631915635081,184.17037075355967],[114.99073522919811,114.74007564744889,114.83837938755764],[226.25797128053216,224.4804105927376,218.47207785385038],[149.7077017401484,149.0445524585276,147.96402590805945]],"ES-B3":[[187.4950450686037,207.13762897944247,217.99410221457183],[142.4060285327252,153.97126058554798,162.297537787103],[173.4587931407767,193.7072262591365,205.28963763116718],[104.85146643593785,114.70287974012155,123.82597079273545],[203.0774798306919,221.53023144747652,231.699118344613]],"ATTRACTION":[[157.67240290825183,157.81597418938182,157.65911441521075],[186.7078438377133,188.6759428425667,189.87128859403555],[147.01172095505424,147.53952766618275,147.4241060778978],[113.267289441738,118.39324033005093,123.5096637510261],[167.1701071066471,167.51478777016123,167.657587597018]],"LINO":[[135.40586098581753,127.00999464522772,118.33119234655237],[179.15559623502946,170.93874658793902,162.18173594278127],[196.93926801418004,187.45906370256682,176.45759927564953],[154.048376481428,146.2566071723646,138.24869567939893],[164.01408867602737,158.2088306717799,152.475333766047]],"TAR-ORANGE":[[208.3368605915643,151.01185893067463,12.812802679814581],[222.89555483387693,188.50206451355717,102.23531478032983],[214.79282521067287,161.17159775376217,28.29719024642644],[219.24567867361648,173.11855132677826,54.52593579743571],[211.02028934090276,155.6201992060746,20.325107142035236]],"TAR-HABANA-Vinale":[[192.32266824450707,180.89100729694928,151.879631810943],[172.68567091665764,158.6643664756148,129.02779579115207],[183.5216489107741,170.92123922612498,141.21700903582538],[202.48498659744695,191.8077558122822,163.51858621839804],[154.68835170447406,139.85016385071305,110.56187172831054]],"TAR-LEATHER-GREY":[[129.95137779203935,130.45806685950376,125.44235714105392],[149.09150280292067,149.51760344937878,144.78950019231576],[121.79928245678008,122.28685624042329,117.22235664468009],[172.32455983467452,172.93238543777667,168.1819383172518],[139.21737036986053,139.63501675052825,134.90104639965577]],"TAR-MATT-OLIVE":[[138.11645075322514,143.62227906924005,123.41851349484148],[131.73339466536856,138.0813729731796,117.24394944950164],[152.13773368463845,157.11562267574237,137.27917039595638],[125.25617541573702,132.4494620268804,111.43834892726187],[144.53678314451417,149.61013220028548,129.65536905685715]],"TAR-HABANA-TRININADE":[[203.48386563032687,199.09543113681627,192.78494628537587],[157.78971665915645,152.24735457089685,146.45972607531664],[174.92141202899762,169.46278531177356,163.14788252445086],[136.65985873569292,130.45286594823432,124.44903046386187],[189.18224937579794,184.05843401612464,177.4921807279674]],